name,predicted_police_impact,predicted_drug_impact,police_label,drug_label,content_length
Prosecutorial Function,-0.0053839609026908875,-0.0075593870133161545,0,0,1701
Impersonating a Peace Officer,-0.0006284117116592824,-0.01336736511439085,0,0,1226
Law Enforcement Officers,0.02717190980911255,-0.07702420651912689,0,-1,34184
Commendatory Resolution,0.0390201061964035,-0.0739363506436348,0,-1,4447
Crimes and Offenses,-0.008809472434222698,-0.002052487339824438,0,0,1166
"Internal Investigations, Notice, Confidentiality",0.029798151925206184,-0.15899547934532166,0,-1,6724
Law Enforcement Officers,0.008353198878467083,-0.05495221167802811,0,-1,7031
Peace Officers and Discipline,0.01615891046822071,-0.0752471536397934,0,-1,5807
Law Enforcement Officers,0.04436105489730835,-0.1105940118432045,0,-1,38156
Officers Bill of Rights,-0.010835119523108006,-0.001860026502981782,0,0,710
Disciplinary Appeals,0.07513046264648438,-0.15089452266693115,1,-1,9150
Misconduct Investigations,0.005979567300528288,-0.062240276485681534,0,-1,4338
Use-of-Force,0.06225968152284622,-0.11628112941980362,1,-1,2982
Law Enforcement Officers,0.06565586477518082,-0.10886863619089127,1,-1,7060
Complaints Against Peace Officers,-0.005838089622557163,-0.012418651953339577,0,0,842
Investigator Membership Requirements,-0.010207927785813808,-0.06437293440103531,0,-1,2022
Public Safety Equipment Grant Program,0.013580950908362865,-0.03813932090997696,0,0,5286
Qualified Immunity,-0.006367738824337721,-0.0040640574879944324,0,0,874
Law Enforcement Agency Organization and Staffing,0.007390331011265516,-0.062214359641075134,0,-1,4779
Law Enforcement Duty to Intervene Training,-0.005242862273007631,-0.01320961769670248,0,0,1321
Local Public Employee Organizations,0.00017205998301506042,-0.0066284616477787495,0,0,3262
Public Safety Trailer Bill,0.013624886982142925,-0.05428317189216614,0,-1,166775
Peace Officers: Determination of Bias,-0.0028075017035007477,-0.04370112717151642,0,0,2109
Peace Officers: Certification: Civil Rights,0.036791179329156876,-0.07976449280977249,0,-1,86515
Peace Officers: Release of Records,0.052781328558921814,-0.04059324786067009,1,0,24853
Peace Officers: Use of Force,0.06027761474251747,-0.07049545645713806,1,-1,7079
Law Enforcement Use of Force,0.08348739147186279,-0.06340069323778152,1,-1,8345
Arrest Warrants: Declaration of Probable Cause,0.044156379997730255,-0.09270748496055603,0,-1,5183
Law Enforcement Policies: Arrests: Positional Asphyxia,0.004189783241599798,-0.0440700426697731,0,0,2028
Criminal Law,0.03224223852157593,-0.07738731056451797,0,-1,70628
Peace Officers: Use of Force,0.015123346820473671,-0.09403245151042938,0,-1,3153
Police Use of Force,0.0033919494599103928,-0.00823671743273735,0,0,2520
Law Enforcement Whistleblower Protection,0.006483370903879404,-0.10709170252084732,0,-1,8449
Peace Officer Conduct Database,0.1102883592247963,-0.10862135142087936,1,-1,20410
Use of Prone Restraint by Law Enforcement,0.11251277476549149,-0.08922781050205231,1,-1,3572
Policies For Peace Officer Credibility Disclosures,0.06616540998220444,-0.10128075629472733,1,-1,8390
Measures to Address Law Enforcement Accountability,0.022249579429626465,-0.07442493736743927,0,-1,58270
Enhance Law Enforcement Integrity,0.05927811190485954,-0.02854093722999096,1,0,41494
Age of Arrest of a Child and the Use of Handcuffs,-0.012157299555838108,-0.006154141388833523,0,0,1337
Technical Revisions To Public Safety Statutes,-0.01359933614730835,-0.009018073789775372,0,0,3226
Police Officer Training,-0.01396057941019535,-0.005193362478166819,0,0,336
Deceptive or Coercive Interrogation Tactics,-0.002982276026159525,-0.011042855679988861,0,0,2599
Death Timely Report,0.01091113593429327,-0.09077979624271393,0,-1,15114
Criminal Justice Commission Division,0.015513040125370026,-0.0612536296248436,0,-1,23066
Use of Force By a Peace Officer,-0.008288972079753876,-0.013435672968626022,0,0,3018
Police Accountability,0.03162878751754761,-0.10252787172794342,0,-1,141811
Law Enforcement Officer Bill Of Rights,0.016629861667752266,-0.12118782103061676,0,-1,18116
Criminal Justice Council Resolution,-0.00983436033129692,-0.04628011956810951,0,0,4790
Use Of Force,0.04145506024360657,-0.05545651540160179,0,-1,20637
Division Of Civil Rights and Public Trust,-0.009863645769655704,-0.002284836256876588,0,0,1447
Supplemental Appropriation Grant,0.040904004126787186,-0.043365247547626495,0,0,112837
Aggravated Strangulation Crime,-0.0037988205440342426,-0.01095616165548563,0,0,1627
Comprehensive Policing and Justice Reform,-0.017214460298419,-0.038719795644283295,0,0,4739
Secure DC Omnibus Amendment Act of 2024,0.027489928528666496,-0.04103677347302437,0,0,161430
Comprehensive Policing and Justice Reform,0.022619638592004776,-0.09076676517724991,0,-1,5371
Comprehensive Policing and Justice Reform,-0.0029269112274050713,-0.019884081557393074,0,0,5388
Secure DC Omnibus Emergency Amendment Act of 2024,0.03394738584756851,-0.055878326296806335,0,-1,99914
Use of Force Review Board Emergency Act of 2023,-0.004087719600647688,-0.007577036507427692,0,0,3035
Use of Force Review Board Temporary Act of 2023,-0.004505775403231382,-0.007403670810163021,0,0,2996
Comprehensive Policing and Justice Reform,0.037802670150995255,-0.07682020217180252,0,-1,36512
Comprehensive Policing and Justice Reform,0.03542008250951767,-0.09306037425994873,0,-1,7165
Comprehensive Policing and Justice Reform,0.034906405955553055,-0.09303558617830276,0,-1,7221
Comprehensive Policing and Justice Reform,0.002307626884430647,-0.054615601897239685,0,-1,7035
Comprehensive Policing and Justice Reform,0.036050718277692795,-0.06178939342498779,0,-1,38934
Comprehensive Policing and Justice Reform,0.046201013028621674,-0.05922596529126167,0,-1,37160
Comprehensive Policing and Justice Reform,0.0699513629078865,-0.059453923255205154,1,-1,36834
Comprehensive Policing and Justice Reform,0.061548393219709396,-0.03846995532512665,1,0,52183
Comprehensive Policing and Justice Reform,0.06436746567487717,-0.06246013566851616,1,-1,49683
Comprehensive Policing and Justice Reform,0.047017283737659454,-0.06842329353094101,0,-1,49584
Complaints Against Law Enforcement,0.04959689825773239,-0.06044061854481697,0,-1,12661
Chiefs of Police,-0.010534392669796944,0.004066258203238249,0,0,1020
Law Enforcement and Correctional Officer Practices,0.02525412105023861,-0.04139146953821182,0,0,14114
Criminal Prosecutions,-0.013867312110960484,-0.009417497552931309,0,0,2113
Office of the Inspector General,0.03664202615618706,-0.05900087580084801,0,-1,12347
Law Enforcement Use of Force Standard,0.04669921100139618,-0.07679220288991928,0,-1,9421
Law Enforcement Officers Duty to Intervene,-0.0009694953332655132,-0.014964912086725235,0,0,3283
Suspended County Police Officers,0.022095339372754097,-0.06512163579463959,0,-1,8255
State Police Training,0.049321796745061874,-0.0875515267252922,0,-1,62716
Empowering Public Participation Act,0.0003419630229473114,-0.008596898056566715,0,0,1780
Executive Branch Reorganization,0.056262169033288956,-0.08226887881755829,1,-1,3267949
Criminal Law,0.04202796891331673,-0.09670928120613098,0,-1,269934
Criminal Law,0.04724567383527756,-0.08729273825883865,0,-1,1026190
Critical Incident Stress Management Debriefings,0.06808043271303177,-0.08187863975763321,1,-1,5074
Law Enforcement Officer Criminal Convictions,0.06189437955617905,-0.05562349036335945,1,-1,5628
Law Enforcement Training Board,0.00908450037240982,-0.08702614158391953,0,-1,26966
Law Enforcement Officer De Escalation Training,0.006990884896367788,-0.07777097076177597,0,-1,42459
City Civil Service Employees,0.016749253496527672,-0.08879449963569641,0,-1,12692
Placement of a Police Officer on a Brady Giglio List,-0.009748641401529312,-0.005680385045707226,0,0,1266
Attempting to Elude Pursuing Law Enforcement Vehicle,0.015352223999798298,-0.07774336636066437,0,-1,6135
Public Records,0.013118535280227661,-0.035624727606773376,0,0,63095
Peace Officers,0.05155598372220993,-0.0754677876830101,1,-1,14166
Peace Officer Certification,0.008069507777690887,-0.09893599152565002,0,-1,45362
Public Safety Personnel,0.02017108164727688,-0.0475614070892334,0,0,37433
Peace Officers,0.046843066811561584,-0.0660896971821785,0,-1,42420
Civil and Immunity,0.01290697418153286,-0.0796598568558693,0,-1,2090
Law Enforcement Records,0.01152828335762024,-0.06596579402685165,0,-1,2464
Officer Disciplinary Matters,-0.016829991713166237,0.0006713786860927939,0,0,1177
Law Enforcement,-0.000614125223364681,-0.12381210923194885,0,-1,3593
Law Enforce and Officers,0.07259640097618103,-0.06647586077451706,1,-1,4081
Law Enforcement and Officers,0.0022320449352264404,-0.02680463343858719,0,0,4129
Polygraph Examination Results,-0.01049858145415783,-0.006779373623430729,0,0,2293
Review of Law Enforcement Use of Deadly Force,-0.013793096877634525,-0.004391863942146301,0,0,1812
Police Accountability Time Limit,0.006375758908689022,-0.027217090129852295,0,0,2674
Washington County Deputy Sheriffs and Deputies,0.08781082183122635,-0.09012436866760254,1,-1,13490
Hate Crimes False Statement to Law Enforcement,0.006752369925379753,-0.018663302063941956,0,0,3216
Task Force to Study Public Information Act,0.08542904257774353,-0.059230998158454895,1,-1,5382
Inadmissibility Presumption,0.11235909909009933,0.0046600825153291225,1,0,15131
Personnel Records,0.04560904577374458,-0.06371668726205826,0,-1,21734
Civil Claims Against Law Enforcement Officers,0.03964756056666374,-0.06213172525167465,0,-1,2838
Attorney General Investigation,0.1126977950334549,-0.14726537466049194,1,-1,9366
Police Reform Act,0.06253653764724731,-0.1027292013168335,1,-1,96857
Police Officers Promotional Appointments,-0.00377275119535625,-0.053774308413267136,0,-1,3086
Behavioral Health and Public Safety Center,0.09107524901628494,-0.04368818923830986,1,0,11843
Law Enforcement Officer Data Collection,0.01492384634912014,-0.020781533792614937,0,0,2135
Law Enforcement Justice and Accountability,0.05592391639947891,-0.05465748533606529,1,-1,222371
State Government,0.044943422079086304,-0.0800141990184784,0,-1,581155
State Government,0.04032972455024719,-0.04991564899682999,0,0,1160396
Public Safety,-0.001520088640972972,-0.05281525105237961,0,-1,58854
Public Safety,0.006178415846079588,-0.05846719071269035,0,-1,6802
Board on Law Enforcement Officer,0.03229214996099472,-0.04726294428110123,0,0,13738
Law Enforcement Officer Residency Requirements,0.014058114029467106,-0.09985511004924774,0,-1,287093
Law Enforcement,-0.00910172425210476,-0.014431275427341461,0,0,2779
Board of Crime Control Laws,-0.011101135984063148,-0.0119676124304533,0,0,2629
Laws Pertaining to Law Enforcement,-0.008544680662453175,-0.008551409468054771,0,0,446
Duties of the Attorney General,-0.010587102733552456,-0.008308996446430683,0,0,1639
Provisions Governing Peace Officers,0.09753524512052536,-0.0876602903008461,1,-1,16811
Civil Action filed by Attorney General,0.02247517555952072,-0.05005576089024544,0,-1,14764
Peace Officers' Standards and Training Commission,-0.00011534243822097778,-0.01287155319005251,0,0,2654
Peace Officer Civil Liability,-0.04506092518568039,-0.09879472851753235,0,-1,3795
Use of Force by Peace Officer Incident Reports,0.03583092242479324,-0.03791995346546173,0,0,18876
Peace Officer Bias Indicator Early Warning Systems,0.06338458508253098,-0.006657951511442661,1,0,22493
Use of Deadly Force,-0.006377703510224819,-0.006617671810090542,0,0,1373
Peace Officers,0.047689978033304214,-0.05395398288965225,0,-1,10301
Public Safety,0.05145915225148201,-0.08036503940820694,1,-1,15498
Police Disciplinary Hearings,0.06374234706163406,-0.07182811200618744,1,-1,10760
Misdemeanor Domestic Violence Offenses,0.0001673474907875061,-0.05409121885895729,0,-1,31432
Law Enforcement and Public Safety Telecommunications,0.0009543408523313701,-0.03162093833088875,0,0,20461
Civil Rights Act,0.04307595267891884,-0.04249395430088043,0,0,8988
Law Enforcement Body Cameras,0.0677284300327301,-0.1280841827392578,1,-1,4150
Office of Special Investigation,0.05115089192986488,-0.05501338094472885,1,-1,7456
Law Enforcement Inspector General,0.0882655531167984,-0.05645652115345001,1,-1,11655
Strangulation in the First Degree,-0.003918154630810022,-0.009202922694385052,0,0,3080
Law Enforcement Officers,-0.011430134065449238,0.0032938707154244184,0,0,1191
Chief Administrator of the Courts,0.07927566766738892,-0.042107462882995605,1,0,8215
Law Enforcement Officers,0.008606277406215668,-0.08437513560056686,0,-1,99713
Law Enforcement Officers,0.07967644929885864,-0.07412423193454742,1,-1,14233
Peace Officer Standards and Training Board,-0.0036019787658005953,-0.082098588347435,0,-1,5918
Justifiable Homicide,0.0017656367272138596,-0.03088264912366867,0,0,2433
Criminal Procedure,-0.0037313601933419704,-0.016578778624534607,0,0,3355
Council on Law Enforcement Education and Training,0.025536539033055305,-0.058206021785736084,0,-1,63198
Criminal Justice Agencies,0.023765256628394127,-0.035767797380685806,0,0,3300
Local Community Oversight Board,-0.007684779819101095,0.0023467231076210737,0,0,1102
Use of Chemical Incapacitants by Law Enforcement,0.029313821345567703,-0.06847094744443893,0,-1,5193
Police Officer's Duty to Report Misconduct,-0.0018866710597649217,-0.07598943263292313,0,-1,4718
Limitations on Arbitrators' Decisions,0.020236758515238762,-0.0892217755317688,0,-1,45812
Database of Reports of Use of Physical Force,-0.006796139758080244,-0.011774782091379166,0,0,1207
Public Safety Employee Public Record Database,-0.003634518710896373,-0.013883175328373909,0,0,2454
Transparent Policing and Use of Force Reform,0.05059240758419037,-0.08315237611532211,1,-1,5167
Use of Force by Police Officers,0.0006123072816990316,-0.016210250556468964,0,0,3576
Police Officer Rules,0.021619895473122597,-0.08408214896917343,0,-1,4005
Law Enforcement Usage of Tear Gas,-0.0057493820786476135,-0.012202445417642593,0,0,1446
Peace Officer Use of Force Allowance,0.04224720224738121,-0.07254530489444733,0,-1,23196
Law Enforcement Background Investigations,-0.018335657194256783,-0.11223414540290833,0,-1,14744
Law Enforcement Officers Due Process,0.04844048619270325,-0.07435870170593262,0,-1,39736
Law Enforcement Officers Bill of Rights,0.04858580231666565,-0.07355950027704239,0,-1,39735
Public Records Access,0.003409465542063117,-0.05316365510225296,0,-1,10941
Law Enforcement Officer Certification,0.023093456402420998,-0.10946619510650635,0,-1,19669
Force Course Standards,-0.010138317011296749,-0.008735821582376957,0,0,790
Claim of Immunity Burden of Proof,-0.010994549840688705,-0.006815995089709759,0,0,1612
Tort Liability,-0.005658435635268688,-0.009702201001346111,0,0,1150
Criminal Sentencing,-0.001358109642751515,-0.006226770579814911,0,0,488
Drones,-0.0026732024271041155,-0.010111598297953606,0,0,1023
Facility Security,0.008417046628892422,-0.11237362772226334,0,-1,4695
Physical Restraint or Use of Chemicals on Students,-0.007823788560926914,-0.03523125872015953,0,0,4171
Use of Force By Peace Officers,-0.0006541273323819041,-0.009626687504351139,0,0,1479
Investigation and Prosecution of Criminal Offenses,-0.0019511630525812507,-0.02945013903081417,0,0,2181
Law Enforcement Modifications,0.0026233098469674587,-0.07582268118858337,0,-1,13343
Public Safety Data Amendments,0.024594666436314583,-0.08589158952236176,0,-1,24753
Forcible Entry Warrant Amendments,0.016807567328214645,-0.07991893589496613,0,-1,9192
Dispatcher Discipline Amendments,0.03741960600018501,-0.06360791623592377,0,-1,5401
Law Enforcement Officer Amendments,0.04618275165557861,-0.07738567888736725,0,-1,30900
Use of Force Revisions,-0.0071638491936028,-0.03472469002008438,0,0,4881
Forcible Entry Warrant Modifications,0.0614861324429512,-0.06685610115528107,1,-1,10415
Officer Intervention and Reporting of Misconduct,0.03310021013021469,-0.0826025903224945,0,-1,8547
Law Enforcement Internal Investigation Requirements,0.0875166654586792,-0.0713222399353981,1,-1,13722
Death Resulting From Law Enforcement Officer,0.025255009531974792,-0.06067841500043869,0,-1,2544
Peace Officer Use of Force Standards,0.01797723025083542,-0.06515945494174957,0,-1,2160
Law Enforcement Agency Disclosure Immunity,0.0436314195394516,-0.07908133417367935,0,-1,6616
Peace Officer Lethal Force,0.06878198683261871,-0.06023181229829788,1,-1,6025
Law Enforcement Weapons Use Report,0.011001779697835445,-0.041178107261657715,0,0,1577
Peace Officers and Chokeholds,0.046838175505399704,-0.06569002568721771,0,-1,6424
Criminal Justice Council,0.0659131184220314,-0.11782748997211456,1,-1,9333
Sheriff Reforms,0.04922612011432648,-0.04165423661470413,0,0,21128
Fiscal Year 2021 Budget,0.048926129937171936,-0.06278327107429504,0,-1,40605
Public Safety Police Misconduct,0.09170187264680862,-0.062327153980731964,1,-1,10462
Private Right,-0.044213540852069855,-0.06938270479440689,0,-1,3155
Use Of Force Policy,0.04658421874046326,-0.038919832557439804,0,0,11311
Law Enforcement Training,0.05238712206482887,-0.09820132702589035,1,-1,8448
Miscellaneous Law Enforcement Amendments,0.09000357985496521,-0.05035452917218208,1,-1,57949
Law Enforcement,0.030023206025362015,-0.08313965052366257,0,-1,13195
Decertification of Law Enforcement Officers,0.0276027861982584,-0.0781208798289299,0,-1,91926
Law Enforcement Training,0.010971962474286556,-0.05374443158507347,0,-1,28986
Human Trafficking Response Teams,0.020664360374212265,-0.07588238269090652,0,-1,112505
Freedom of Information Act,-0.025560028851032257,-0.058392010629177094,0,-1,54934
Policing Reform,-0.004992011468857527,-0.05642104521393776,0,-1,99626
Law Enforcement Misconduct,0.009098106995224953,-0.08698277920484543,0,-1,5080
Law Enforcement Officer,0.008900493383407593,-0.04376637563109398,0,0,2416
Law Enforcement Civilian Review Boards,0.047896020114421844,-0.07305505871772766,0,-1,28529
Use of Neck Restraints,-0.00704548042267561,0.003102107672020793,0,0,1482
Law Enforcement Misconduct,0.009098106995224953,-0.08698277920484543,0,-1,5080
Use of Hog Tying,-0.004013572819530964,-0.02710927650332451,0,0,2293
Peace Officers,0.025026358664035797,-0.0693947896361351,0,-1,10424
Use of Force by Peace Officers,0.009141887538135052,-0.03855377435684204,0,0,9833
Tactics and Equipment Used by Peace Officers,0.028646038845181465,-0.09573609381914139,0,-1,13902
Audits of Requirements Relating to Peace Officers,-0.003524009371176362,-0.006265212316066027,0,0,2624
Investigation of Potential Criminal Conduct,0.049283217638731,-0.04039967432618141,0,0,45370
Permissible Uses of Force By Law Enforcement,0.0650257021188736,-0.056446172297000885,1,-1,10024
Duty of Peace Officers to Intervene,-0.0008837876375764608,-0.01616743393242359,0,0,3332
Defenses in Personal Injury and Wrongful Death Actions,-0.011683312244713306,0.0006158756441436708,0,0,1203
Law Enforcement Agency Policies on the Use of Force,0.04444120079278946,-0.05799940600991249,0,-1,4200
Prohibiting Use of Choke Holds By Law Enforcement,-0.0066901566460728645,-0.0021387310698628426,0,0,1378
Public Access to Policies Regarding the Use of Force,-0.008173429407179356,0.0023771643172949553,0,0,1271
Reporting of Law Enforcement use of Force Incidents,-0.02327536605298519,-0.046863190829753876,0,0,4495
Marijuana Regulation,0.027837619185447693,-0.09098508208990097,0,-1,16552
Food Preparation and Sale,0.01404267642647028,-0.07733740657567978,0,-1,31773
Smart and Safe Fund and Distribution,0.001775132492184639,-0.06239429488778114,0,-1,4859
Processed Marijuana Products,-0.003076025750488043,-0.01840345188975334,0,0,1715
Budget Act of 2025,0.005361606366932392,-0.10060147196054459,0,-1,1779408
Budget Act of 2025,0.08744572103023529,-0.03530489653348923,1,0,649674
California Cannabis Tax Fund: Department of Cannabis,0.07167696952819824,-0.10005588829517365,1,-1,22488
Cannabis Provisional Licenses: Local Equity Applicants,0.052639588713645935,-0.0707039162516594,1,-1,20468
Cannabis and Cannabis Products: Health Warnings,0.028986750170588493,-0.10016069561243057,0,-1,3756
Cannabis Regulation: Plant Identification Program,-0.003908915910869837,-0.008888647891581059,0,0,1832
Employment Discrimination: Cannabis Use,-0.013421284966170788,-0.0019692142959684134,0,0,2654
Cannabis: Local Taxation: Gross Receipts,0.01596612110733986,-0.03365568071603775,0,0,4621
Cannabis: Operator and Separate Premises License Types,0.05117180943489075,-0.09315528720617294,1,-1,42428
Cannabis: Citation and Fine,0.03979632258415222,-0.09251637011766434,0,-1,6893
Cannabis: Private Right of Action,-0.006605391390621662,-0.008738045580685139,0,0,1606
Cannabis: Enforcement by Local Jurisdictions,0.031951695680618286,-0.12370292842388153,0,-1,6761
Local Ordinances: Fines and Penalties: Cannabis,0.010093491524457932,-0.10468989610671997,0,-1,6932
Committee on Judiciary: Judiciary Omnibus,0.026752226054668427,-0.059871211647987366,0,-1,286535
"Cannabis: Retail Preparation, Sale, and Consumption",0.049368295818567276,-0.03189840540289879,0,0,13060
Cannabis Cultivation: Environmental Remediation,0.059948377311229706,-0.06900866329669952,1,-1,37396
Cannabis Provisional Licenses: Local Equity Applicants,0.052639588713645935,-0.0707039162516594,1,-1,20468
Cannabis and Cannabis Products: Health Warnings,0.028986750170588493,-0.10016069561243057,0,-1,3756
Cannabis Regulation: Plant Identification Program,-0.003908915910869837,-0.008888647891581059,0,0,1832
Employment Discrimination: Cannabis Use,-0.013421284966170788,-0.0019692142959684134,0,0,2654
Cannabis: Citation and Fine,0.03979632258415222,-0.09251637011766434,0,-1,6893
Cannabis: Private Right of Action,-0.006605391390621662,-0.008738045580685139,0,0,1606
Cannabis: Enforcement by Local Jurisdictions,0.031951695680618286,-0.12370292842388153,0,-1,6761
Local Ordinances: Fines and Penalties: Cannabis,0.010093491524457932,-0.10468989610671997,0,-1,6932
Committee on Judiciary: Judiciary Omnibus,0.026752226054668427,-0.059871211647987366,0,-1,286535
Budget Act,0.0476422980427742,-0.08124759048223495,0,-1,1894019
Department Of Cannabis Control: Licensure: Fee Waivers,0.05055643990635872,-0.07977364212274551,1,-1,17981
Cannabis,0.048611171543598175,-0.05343768373131752,0,-1,147516
Civil Actions: Statute of Limitations,0.032912615686655045,-0.0625699907541275,0,-1,7692
Maintenance of the Codes,0.029854167252779007,-0.054100923240184784,0,-1,993227
Physicians and Surgeons: Treatment Using Cannabis,0.0060941195115447044,-0.018382813781499863,0,0,3100
Cannabis Beverages,0.021005121991038322,-0.08882050216197968,0,-1,13057
Fingerprint Based Criminal History Record Checks,0.1266321837902069,-0.046197012066841125,1,0,36021
Long Appropriations Bill,0.00016133859753608704,-0.05803955718874931,0,-1,707670
Relocation of Definitions,0.029003698378801346,-0.03887540102005005,0,0,213100
Hemp Product Definition Marijuana Regulation,0.025913162156939507,-0.10389692336320877,0,-1,9844
Department of Public Safety Supplemental Appropriation,0.0335695818066597,-0.016749486327171326,0,0,40403
New Public School Finance Formula,0.10917817801237106,-0.10168018192052841,1,-1,173630
Revisors Bill,0.04851924628019333,-0.06304172426462173,0,-1,105865
Coronavirus Recovery Funds,0.04980592802166939,-0.08819814026355743,0,-1,51919
Marijuana License Applications and Renewals,0.01567869260907173,-0.09023021161556244,0,-1,5754
Professional Discipline For Marijuana,0.009896964766085148,-0.017119161784648895,0,0,1970
Cannabinoid Related Compounds,0.13272108137607574,-0.07581289857625961,1,-1,51683
Embargo And Destroying Marijuana,0.0054934327490627766,-0.05122184380888939,0,-1,4704
Alcohol and Drug Impaired Driving Enforcement,0.054224178194999695,-0.05043398216366768,1,-1,15221
Retail Marijuana Online Sales,0.04379863291978836,-0.1083097830414772,0,-1,2769
Licensees Ability To Change Marijuana Designation,0.005635615438222885,-0.12911859154701233,0,-1,6549
Retail And Medical Marijuana Same Location,0.19757023453712463,-0.08865322917699814,1,-1,2761
Marijuana Transporter License Transfers,0.0019237450323998928,-0.008095897734165192,0,0,1975
Marijuana Responsible Vendor Designations,0.04276818782091141,-0.06503799557685852,0,-1,8362
Civil Infractions,0.08294983953237534,-0.09261453151702881,1,-1,47174
Change Term Name Based Criminal History Record Check,0.016365887597203255,-0.07242590188980103,0,-1,79544
Study of Devices Assessing Motorist Impairment,0.1701008379459381,-0.06115017458796501,1,-1,2418
Department of Consumer Protections Recommendations,0.024656416848301888,-0.05510948225855827,0,-1,65727
Social Equity Councils Recommendations Regarding Social,0.028722351416945457,-0.0814710184931755,0,-1,28067
Non Safety Related Traffic Stops,0.03723958879709244,-0.06047971174120903,0,-1,26688
Enforcement of the States Cannabis Hemp and Tobacco Law,2.060830593109131e-05,-0.0991823747754097,0,-1,227808
State Budget,0.11339708417654037,-0.02859397605061531,1,0,1425212
Task Force,0.015853801742196083,-0.08095399290323257,0,-1,25846
Cannabis and Hemp Regulation,-0.012084327638149261,-0.12450971454381943,0,-1,202600
Department of Consumer Protections Recommendations,-0.0020108716562390327,-0.0973936915397644,0,-1,73990
Adjusting Bonds of the State and Concerning Provisions,0.043070606887340546,-0.07800427824258804,0,-1,495806
Adult-use Cannabis Market and Weather Disaster Relief,0.03176882117986679,-0.09736103564500809,0,-1,15949
State Budget,0.044028300791978836,-0.03313162550330162,0,0,1662280
Governors Budget Recommendations for General Government,0.012494543567299843,-0.017919134348630905,0,0,64182
Cannabis Transfers Cannabis Advertisements,0.03967185690999031,-0.08016397058963776,0,-1,99851
Department of Consumer Protections Recommendations,0.0315249040722847,-0.09726002812385559,0,-1,175113
State Budget,0.07303266227245331,-0.03247992321848869,1,0,1395194
State Marijuana Control Act,-0.008430646732449532,-0.026727575808763504,0,0,6330
2026 Bond and Capital Improvements Act,0.05312446877360344,-0.037307653576135635,1,0,213146
Marijuana Personal Use,-0.018137823790311813,-0.10152945667505264,0,-1,6630
Delaware Marijuana Control Act,0.06488168239593506,-0.09049379825592041,1,-1,116705
Delaware Marijuana Control Act,0.021099736914038658,-0.05649735778570175,0,-1,28910
Cannabis-Related Businesses,-0.007410699967294931,-0.00721324048936367,0,0,1512
Technical Corrections,0.009545919485390186,-0.04609083756804466,0,0,93046
Marijuana Conversion Licenses,-0.012671492993831635,-0.06545455753803253,0,-1,8199
Medical Marijuana,0.027943721041083336,-0.10786103457212448,0,-1,63645
Bond and Capital Improvement Act,0.058771517127752304,-0.020271705463528633,1,0,224106
Marijuana Personal Use,-0.018137823790311813,-0.10152945667505264,0,-1,6630
Delaware Marijuana Control Act,0.06488168239593506,-0.09049379825592041,1,-1,116705
Office of Management and Budget,0.021410780027508736,-0.03436264768242836,0,0,16710
Unlicensed Establishment Enforcement Clarification,0.05280756950378418,-0.0657167062163353,1,-1,6788
Medical Cannabis Clarification,-0.014666101895272732,-0.08582811802625656,0,-1,5582
Medical Cannabis Clarification and Non-Resident Patient,-0.01820659264922142,-0.06273621320724487,0,-1,5541
Medical Cannabis Clarification,-0.014666101895272732,-0.08582811802625656,0,-1,5582
Medical Cannabis Clarification and Non-Resident Patient,-0.01820659264922142,-0.06273621320724487,0,-1,5541
Medical Cannabis Clarification,-0.014666101895272732,-0.08582811802625656,0,-1,5582
Medical Cannabis Clarification and Non-Resident Patient,-0.01820659264922142,-0.06273621320724487,0,-1,5541
Medical Cannabis Temporary Amendment Act of 2022,-0.006012408062815666,-0.018612122163176537,0,0,3446
Medical Cannabis Congressional Review,-0.0036568143405020237,-0.014502279460430145,0,0,3475
Transportation Trust Fund,0.041173797100782394,-0.04854857176542282,0,0,44279
Bonds and Recognizances,0.03384587541222572,-0.03969400376081467,0,0,29227
Use of Intoxicants While Driving,-0.013358957134187222,-0.06596431136131287,0,-1,4021
Uniform Controlled Substances,0.03147580847144127,-0.04496359825134277,0,0,9227
State Fiscal Year 2024 Appropriations,0.07591283321380615,-0.03179590776562691,1,0,4217716
Use Tax Service Use Tax and Service Occupation Tax Acts,0.03101637028157711,-0.09535123407840729,0,-1,775507
Use Tax Service Use Tax and Service Occupation Tax Acts,0.03101637028157711,-0.09535123407840729,0,-1,775507
Department Of Commerce and Economic Opportunity Grants,0.051087528467178345,-0.0774773433804512,1,-1,4122645
Drug Court Treatment Act,0.007106668781489134,-0.06576734036207199,0,-1,87144
Criminal Identification Act,0.060877762734889984,-0.04280799627304077,1,0,68265
Administrative Regulations,0.055686820298433304,-0.08671797066926956,1,-1,106749
Medicinal Cannabis,0.07951954007148743,-0.06227503716945648,1,-1,216158
Liability and Civil,-0.009392413310706615,-0.03197386488318443,0,0,2220
Student and Discipline,-0.005097724962979555,-0.009352128021419048,0,0,2441
Use of Vapes at School,-0.001273381756618619,-0.0692557692527771,0,-1,2021
Criminal and Records,0.08770991861820221,-0.16456973552703857,1,-1,6727
Controlled Substances,-0.011972187086939812,-0.008895283564925194,0,0,1488
Motor Vehicle and Violations,-0.012522396631538868,-0.007420986890792847,0,0,1506
Legislative Committees on Health and Welfare.,-0.020729659125208855,-0.05751674249768257,0,-1,114488
Certain Appropriations and Allocations,0.048700954765081406,-0.06621357053518295,0,-1,604997
Cannabis Laws,0.04492665454745293,-0.1055850237607956,0,-1,257719
Cannabis Paraphernalia,0.056206148117780685,-0.12925277650356293,1,-1,9210
Cannabis Legalization Act,0.02878507599234581,-0.059996213763952255,0,-1,11019
Supplemental Appropriations,0.06285750865936279,-0.07045657932758331,1,-1,65417
Department of Health and Human Services,-0.008264200761914253,-0.009097708389163017,0,0,1516
Legal Cultivation Possession or Use of Cannabis,-0.0136492270976305,-0.003476174082607031,0,0,1005
Equity in the States Cannabis Industry,0.05147147923707962,-0.05951386317610741,1,-1,10593
Sustainable Funding Source,0.06031940132379532,-0.2719140946865082,1,-1,5580
Edible Cannabis Products,-0.007741382345557213,-0.021646622568368912,0,0,2111
Legislative Review,-0.013003298081457615,-0.00526381703093648,0,0,1558
Legislative Review,-0.013172397390007973,-0.005528116598725319,0,0,1552
Legislative Review,-0.013331480324268341,-0.004666823893785477,0,0,1559
Recommendations of the Right To Know Advisory Committee,0.02583155781030655,-0.07356391102075577,0,-1,11131
Criminal History Records,-0.0067001511342823505,-0.018859805539250374,0,0,1256
Cannabis Paraphernalia,0.056206148117780685,-0.12925277650356293,1,-1,9210
Cannabis Legalization Act,0.02878507599234581,-0.059996213763952255,0,-1,11019
Supplemental Appropriations,0.06285750865936279,-0.07045657932758331,1,-1,65417
Department of Health and Human Services,-0.008264200761914253,-0.009097708389163017,0,0,1516
Legal Cultivation Possession or Use of Cannabis,-0.0136492270976305,-0.003476174082607031,0,0,1005
Adult Use Marijuana,0.03662945330142975,-0.12643983960151672,0,-1,8412
States Adult Use Marijuana Tracking System,0.00552756292745471,-0.09334622323513031,0,-1,4708
Limited Delivery of Adult Use Marijuana,0.037352144718170166,-0.05865919217467308,0,-1,4703
Variance Rate in the Amount and Potency of Cannabinoids,-0.010859167203307152,-0.009332959540188313,0,0,2620
Adult Use Marijuana Products,0.015656819567084312,-0.10026522725820541,0,-1,6629
Legislative Review,-0.014684682711958885,-0.005249681416898966,0,0,1334
Cannabis Industry,0.031969841569662094,-0.10171271115541458,0,-1,6447
Testing Requirements for Adult Use Marijuana,-0.008947115391492844,-0.007108090445399284,0,0,2838
Conflicts and Errors in the Laws,0.012467367574572563,-0.02560480870306492,0,0,65346
Errors In Recently Enacted Legislation,0.05958588048815727,-0.0829080119729042,1,-1,12164
Cannabis Sale and Distribution,0.031778186559677124,-0.06217934191226959,0,-1,7924
Cannabis Public Health Advisory Council,-0.007203919813036919,-0.023111896589398384,0,0,2014
Cannabis Reform,0.06071139872074127,-0.0711754709482193,1,-1,22443
Budget Reconciliation and Financing Act of 2025,0.07430895417928696,-0.059314463287591934,1,-1,350704
Controlled Dangerous Substances and Firearms,0.07558450102806091,-0.07057564705610275,1,-1,17464
Expungement Reform Act of 2025,0.10434804111719131,-0.0010243841679766774,1,0,12252
Community Reinvestment and Repair Fund,0.10600560903549194,-0.06537047773599625,1,-1,13244
Cannabis Reform Alterations,0.08077819645404816,-0.06413338333368301,1,-1,31005
Cannabis Licensing and Registration,0.0293643269687891,-0.12467413395643234,0,-1,2706
Budget Bill Fiscal Year 2025,0.061622198671102524,-0.10694755613803864,1,-1,638751
Cannabis Licensee Zoning Restrictions,0.03297656029462814,-0.05883000046014786,0,-1,8891
Juvenile Law Reform,0.08459696918725967,-0.05891459062695503,1,-1,119679
Cannabis Use Results to Neglect,0.0052132694981992245,-0.01485521998256445,0,0,1577
Alcohol Tobacco and Cannabis Commission,0.055923789739608765,-0.12389842420816422,1,-1,173515
Alcohol Tobacco and Cannabis Commission,0.05564766749739647,-0.06085627153515816,1,-1,173998
Childs Guardians Cannabis Use,0.00440669571980834,-0.013594384305179119,0,0,1573
"Cannabis Fines for Smoking in Public, Stops, and Search",0.07611871510744095,-0.04442319646477699,1,0,3883
Budget Bill Fiscal Year 2023,0.09263449907302856,-0.05875570327043533,1,-1,661451
Cannabis Regulation,0.04576565697789192,-0.07051243633031845,0,-1,8545
Cannabis Reform,0.08659018576145172,-0.05381937325000763,1,-1,86347
General Government Appropriations,0.04232688248157501,-0.04734097793698311,0,0,1539468
State Government,0.016234681010246277,-0.03106900304555893,0,0,324999
Office of Cannabis Management,-0.01813148520886898,-0.0733233317732811,0,-1,708361
Edible Cannabinoid Products,0.04565921798348427,-0.05980450287461281,0,-1,393703
Office of Cannabis Management,-0.01813148520886898,-0.0733233317732811,0,-1,708361
Mississippi Medical Cannabis Act,0.00013414770364761353,-0.028102435171604156,0,0,605139
Criminal Offenses Involving Teller Machines,0.07033189386129379,-0.0613185353577137,1,-1,314605
Admissible Tests for Presence of Drugs,0.021303249523043633,-0.042160358279943466,0,0,24105
Marijuana Laws,0.037621162831783295,-0.04217292368412018,0,0,141402
Marijuana Laws,0.0006415954558178782,-0.0534169003367424,0,-1,10292
Marijuana Laws,0.042964521795511246,-0.07061606645584106,0,-1,59348
Marijuana Laws Regarding Synthetic Marijuana Products,0.04567999765276909,-0.05267060920596123,0,-1,52195
Cannabis,0.01630859449505806,-0.06311087310314178,0,-1,25402
Operation of a Vessel While Under the Influence,0.00631799316033721,-0.07746229320764542,0,-1,92798
Provisions Relating to Cannabis,0.07538823038339615,-0.05116753652691841,1,-1,78339
Age Verification in Cannabis Retail Store,-0.0069651370868086815,-0.012899026274681091,0,0,960
Revises Provisions Relating to Cannabis,0.055476121604442596,-0.08147980272769928,1,-1,6304
Possession of Controlled Drugs in Motor Vehicles,0.011476445011794567,-0.050399910658597946,0,-1,5938
Intoxicating Hemp Product Regulations,0.014028891921043396,-0.07463749498128891,0,-1,79463
Intoxicating Hemp Product Regulations,0.014028891921043396,-0.07463749498128891,0,-1,79463
State Budget,0.011113886721432209,-0.05382603034377098,0,-1,1086625
Licensing of Law Enforcement Officers,0.02447422966361046,-0.08152493834495544,0,-1,60679
Economic Incentives for Certain Cannabis Businesses,-0.008581409230828285,-0.010614661499857903,0,0,5459
Federal Prohibition on Cannabis Business Deductions,0.05478573963046074,-0.06179964169859886,1,-1,64199
State Tax Law,0.05180530250072479,-0.07930328696966171,1,-1,132278
State Budget,0.011113886721432209,-0.05382603034377098,0,-1,1086625
Licensing of Law Enforcement Officers,0.02447422966361046,-0.08152493834495544,0,-1,60679
Economic Incentives for Certain Cannabis Businesses,-0.008581409230828285,-0.010614661499857903,0,0,5459
Cannabis Enforcement,-0.0030060543213039637,-0.05455093830823898,0,-1,7176
Cannabis Regulation,0.017377326264977455,-0.05475625768303871,0,-1,59292
General Appropriation Act of 2023,0.016447871923446655,-0.05286882072687149,0,-1,482333
General Appropriation Act of 2022,0.03125457093119621,-0.01787398010492325,0,0,423087
Adult Use Cannabis and Adult Use Cannabis Products,-0.0028273165225982666,-0.08254268765449524,0,-1,5683
Unlawful Possession and Sale of Cannabis,-0.01277175359427929,0.0058903940953314304,0,0,783
State Fiscal Plan,0.0298397745937109,-0.052356213331222534,0,-1,66778
Public Protection and General Government Budget,0.05894000828266144,-0.03808552771806717,1,0,320841
Unlawful Possession and Sale of Cannabis,-0.01277175359427929,0.0058903940953314304,0,0,783
Licensing and Other Provisions Relating to Firearms,0.02131923846900463,-0.020217517390847206,0,0,73513
Aid to Localities Budget,0.014465462416410446,-0.017776884138584137,0,0,3430248
Transportation and Environmental Conservation Budget,0.01302527729421854,-0.08378790318965912,0,-1,269015
Conditional Adult Use Cultivator License,0.032763220369815826,-0.10971195250749588,0,-1,21229
DNA Testing,-0.01290141325443983,-0.01472425740212202,0,0,2036
Registered Identification Cards Reapplication,0.002518115798011422,-0.06552830338478088,0,-1,13472
Multiple Versions of Medical Marijuana Statutes,0.024570878595113754,-0.06256172806024551,0,-1,115616
Multiple Versions of Statutes,0.005582941230386496,-0.06509773433208466,0,-1,986038
Medical Marijuana and Patient Protection Act,0.0036888066679239273,-0.07330174744129181,0,-1,11135
Medical Marijuana,0.0033514113165438175,-0.04073832556605339,0,0,7820
Medical Marijuana,0.05579744279384613,-0.10590996593236923,1,-1,35681
Medical Marijuana,0.018924148753285408,-0.0655774250626564,0,-1,7171
Medical Marijuana Authority,-0.0061518107540905476,-0.0066510895267128944,0,0,1846
Unlawful Production of Marijuana,0.06784988194704056,-0.06319485604763031,1,-1,23429
Marijuana and Hemp,0.010741889476776123,-0.05605205148458481,0,-1,43169
Unlawful Manufacture of Marijuana Site Clean Up,0.04298738017678261,-0.06100967526435852,0,-1,33598
Driving While Under Influence of Intoxicants,0.052381306886672974,-0.030854318290948868,1,0,51906
High School Teachers,0.05876224488019943,-0.07058727741241455,1,-1,116249
Human Trafficking,0.01708301156759262,-0.09409773349761963,0,-1,13269
Cannabis Related Business and Incentive Based Savings,0.02684084326028824,-0.10050491243600845,0,-1,26634
The Rhode Island Cannabis Act,0.026682497933506966,-0.05208851397037506,0,-1,8179
Motor Vehicle Offenses,0.07626517862081528,-0.04418308660387993,1,0,41933
Statutes and Statutory Construction,0.051570627838373184,-0.03929613158106804,1,0,289240
Cannabis Control Commission,0.015456581488251686,-0.0692296028137207,0,-1,345527
Rhode Island Cannabis Act,0.015492008067667484,-0.06905543804168701,0,-1,345553
Use of Medical Cannabis and Probation,-0.006983550265431404,-0.018447518348693848,0,0,1106
Medical Marijuana Establishments and Counties,-0.005148931406438351,-0.0012938340660184622,0,0,2419
Medical Marijuana Registry Identification Application,0.05699735879898071,-0.05142810940742493,1,-1,6370
Controlled Substances Schedule,-0.013091054745018482,-0.08528321236371994,0,-1,34824
Municipal Zoning of Medical Cannabis,-0.012929869815707207,0.0018050236394628882,0,0,847
Driving Under the Influence,-0.006554677151143551,-0.06361623853445053,0,-1,8277
Cannabis,-0.006805947981774807,-0.008803868666291237,0,0,1019
Silas Gable Flatt Law,-0.0020540328696370125,-0.010531539097428322,0,0,1784
Cannabis,-0.006805947981774807,-0.008803868666291237,0,0,1019
Silas Gable Flatt Law,-0.0020540328696370125,-0.010531539097428322,0,0,1784
Law Enforcement,-0.006577363237738609,-0.0025488254614174366,0,0,938
Cannabis Production Amendments,0.03823903203010559,-0.11279543489217758,0,-1,12659
Cannabis Pharmacy Modifications,0.042636968195438385,-0.060666050761938095,0,-1,46828
Driving Offenses,0.036455437541007996,-0.10063106566667557,0,-1,198708
DUI Penalties,0.0879562720656395,-0.06834887713193893,1,-1,38790
DUI Penalty Amendments,0.059910595417022705,-0.06724575906991959,1,-1,17529
Miscellaneous Cannabis Amendments,0.05452774465084076,-0.08426142483949661,1,-1,28723
Regulating Licensed Small Cannabis Cultivation,0.01254675630480051,-0.0767604410648346,0,-1,27166
Budget Adjustments,0.08717595040798187,-0.04692953824996948,1,0,77248
Cannabis License Fees and Registry,0.028214329853653908,-0.026141457259655,0,0,13087
Technical Corrections,0.020638979971408844,-0.07246766984462738,0,-1,550561
Appropriations for the Support of Government,0.05020441487431526,-0.09280594438314438,1,-1,249156
Budget Bill,0.05433361604809761,-0.046707093715667725,1,0,1816166
Budget Bill,0.055900052189826965,-0.04290191829204559,1,0,2849469
Department of Motor Vehicles,0.019658472388982773,-0.06930726021528244,0,-1,6121
Budget Bill,0.05433361604809761,-0.046707093715667725,1,0,1816166
Budget Bill,0.055900052189826965,-0.04290191829204559,1,0,2849469
Sale and Possession of Retail Cannabis Products,0.004983238410204649,-0.049793049693107605,0,0,6982
Arrest Protections for the Medical Use of Cannabis,-0.009252169169485569,-0.06855359673500061,0,-1,6935
Accreditation of Private Cannabis Testing Laboratories,0.0045026796869933605,-0.11461084336042404,0,-1,4719
High Thc Cannabis Products,0.034316353499889374,-0.07179339230060577,0,-1,10431
Interstate Cannabis Agreements,-0.005539792589843273,-0.020471788942813873,0,0,3266
Social Equity in Cannabis Program,0.016551334410905838,-0.0729164257645607,0,-1,61281
Cannabis,-0.018259916454553604,-0.03753817453980446,0,0,4071
Legend Drug Possession and Treatment,-0.01865077205002308,-0.0648137629032135,0,-1,105889
Arrest Protections for the Medical Use of Cannabis,-0.009252169169485569,-0.06855359673500061,0,-1,6935
Interstate Cannabis Agreements,-0.005539792589843273,-0.020471788942813873,0,0,3266
Social Equity in Cannabis Program,0.016551334410905838,-0.0729164257645607,0,-1,61281
Cannabis,-0.018259916454553604,-0.03753817453980446,0,0,4071
Legend Drug Possession and Treatment,-0.01865077205002308,-0.0648137629032135,0,-1,105889
Replacement of Term Marijuana with the Term Cannabis,0.05312888324260712,-0.0784086063504219,1,-1,575589
Quality Standards for Laboratories,0.041179027408361435,-0.0943894311785698,0,-1,10383
Supplemental Operating Appropriations,0.026776151731610298,-0.04996643215417862,0,0,1904878
Cannabis Revenue Appropriations,0.02259977161884308,-0.08549268543720245,0,-1,21311
Supplemental Appropriations,-0.014126810245215893,-0.005646660923957825,0,0,2856
Opioid Settlement Funds,0.0029426319524645805,-0.02339966967701912,0,0,5031
Statewide Integrated Health Care System,0.04217039793729782,-0.09949258714914322,0,-1,10149
Supplemental Appropriations,-0.011685051955282688,-0.0074414657428860664,0,0,2319
Opioid Treatment and Abatement Fund,-0.013287641108036041,-0.008420342579483986,0,0,1123
Professional Counseling,0.021003052592277527,-0.056702740490436554,0,-1,48725
Health Care,-0.0217635165899992,-0.019782155752182007,0,0,4743
Comprehensive Mental Health Program Appropriation,0.0331544354557991,-0.030137760564684868,0,0,22739
Board of Behavioral Health Examiners,0.017666472122073174,-0.0629432201385498,0,-1,62272
Drug Offenses,0.05859142541885376,-0.0543951615691185,1,-1,35829
Mental Health Transition Program and Release,-0.018612820655107498,-0.06390601396560669,0,-1,5361
Hospitals and Physicians and Dispensing Opioids,0.029182344675064087,-0.038001663982868195,0,0,52493
Overdose and Disease Prevention,0.06302040070295334,-0.07834931463003159,1,-1,3824
Telehealth And Health Care Providers,0.03775196895003319,-0.10278487205505371,0,-1,150987
Health Care Cost Containment System,0.06856390088796616,-0.09737541526556015,1,-1,13748
Board of Nursing,0.017202572897076607,-0.0533381849527359,0,-1,38932
Annual Cap,-0.0055581131018698215,-0.013090466149151325,0,0,2552
Recidivism Reduction System,0.0214875265955925,-0.035247743129730225,0,0,20886
Department of Human Services,-0.0033060675486922264,-0.01984911412000656,0,0,2184
Recidivism Reduction System,0.021379178389906883,-0.03527573123574257,0,0,20886
Department of Finance and Administration Appropriations,0.121306411921978,-0.12443907558917999,1,-1,40387
Family Treatment Specialty Court Act,0.05197501555085182,-0.05641866475343704,1,-1,8630
Prior Authorization Transparency Act,-0.01071305200457573,-0.012831689789891243,0,0,2904
Controlled Substances: Treatment,0.04285498335957527,-0.08232111483812332,0,-1,18240
The Behavioral Health Services Act,0.022350067272782326,-0.09286805242300034,0,-1,530569
The Behavioral Health Infrastructure Bond Act of 2023,0.009047041647136211,-0.0727066695690155,0,-1,31251
Pharmacy: Mobile Units,-0.007414845749735832,-0.032157182693481445,0,0,3083
Minors: Consent to Medical Care,0.0197744183242321,-0.06357049196958542,0,-1,4677
Juveniles: Care and Treatment,0.03149806335568428,-0.07069038599729538,0,-1,6520
Health Facilities,0.08070649951696396,-0.07155854254961014,1,-1,42347
Mental Health and Substance Use Disorder Treatment,0.011998573318123817,-0.11813229322433472,0,-1,3848
CURES Database: Buprenorphine,0.051853571087121964,-0.051671527326107025,1,-1,8475
Health Care Coverage: Medication-Assisted Treatment,-0.010009405203163624,-0.0009202829096466303,0,0,2794
Substance Abuse: Recovery and Treatment Programs,0.0007539204088971019,-0.019335618242621422,0,0,3042
Controlled Substances: Clinics,0.022528549656271935,-0.08287195861339569,0,-1,15445
Chemical Dependency Recovery Hospitals,0.018333634361624718,-0.0872051939368248,0,-1,6091
Alcoholism or Drug Abuse Recovery or Treatment Programs,0.031168587505817413,-0.09144670516252518,0,-1,5730
Public Health: Alcohol and Drug Programs,0.0026311627589166164,-0.07899454236030579,0,-1,227875
Health,0.02109949104487896,-0.06365204602479935,0,-1,30946
Budget Act of 2022,0.04681291803717613,-0.06185513734817505,0,-1,758849
Health,0.047730401158332825,-0.028812600299715996,0,0,785045
Licensed Rehabilitation Facilities: Duties,0.04103707894682884,-0.059846505522727966,0,-1,11151
California MAT Re-entry Incentive Program,0.0050882818177342415,-0.033383652567863464,0,0,2785
Medication Assisted Treatment Grant Program,-0.01086871325969696,0.003347884863615036,0,0,6645
State Board of Pharmacy: Appointment: Removal,0.04538630321621895,-0.08070722967386246,0,-1,84392
Substance Abuse Treatment: Certification,0.08277934044599533,-0.08689191937446594,1,-1,9997
Substance Use Disorder: Counselors,0.06606253236532211,-0.08761046081781387,1,-1,11983
Licensed Rehabilitation Facilities: Duties,0.04103707894682884,-0.059846505522727966,0,-1,11151
Prevention of Substance Use Disorders,0.0654924213886261,-0.07572044432163239,1,-1,32382
Substance Use Disorders Recovery,0.10407906025648117,-0.11949445307254791,1,-1,29445
Substance Use Disorders Harm Reduction,0.06049126014113426,-0.08800002187490463,1,-1,33311
Treatment for Substance Use Disorders,0.09766532480716705,-0.14311756193637848,1,-1,43167
Bill of Rights for Youth,0.11565457284450531,-0.09504491835832596,1,-1,12795
Certified Community Behavioral Health Clinics,0.12071415036916733,-0.12932124733924866,1,-1,4955
Recovery Residence Discharge Policy,0.11019544303417206,-0.07813329994678497,1,-1,12317
Behavioral Health Administration,0.025515448302030563,-0.08290231227874756,0,-1,59188
Interstate Licensed Professional Counselor Compact,0.032476335763931274,-0.07621701806783676,0,-1,54783
Behavioral Health Care Workforce,0.03932494670152664,-0.11979859322309494,0,-1,28839
Health Needs Of Persons In Criminal Justice System,0.05998913198709488,-0.1192120686173439,1,-1,36258
Behavioral Health Administration,0.018067598342895508,-0.08454541116952896,0,-1,451514
Behavioral Health Care Continuum Gap Grant Program,0.09799836575984955,-0.10367248207330704,1,-1,20558
Fentanyl Accountability And Prevention,0.10034166276454926,-0.05782075598835945,1,-1,131783
Prevention of Substance Use Disorders,0.028047066181898117,-0.08112750202417374,0,-1,27091
Opioid and Substance Use Disorder Treatment,0.004681612830609083,-0.04369133338332176,0,0,80962
Coronavirus Funds Allocation,0.07123447209596634,-0.09537425637245178,1,-1,16514
Substance Use Disorders,0.08215484768152237,-0.03528916463255882,1,0,15146
Dispensing Drugs Without a Prescription,0.036170125007629395,-0.08767899870872498,0,-1,9572
Treatment for Opioids and Substance Use Disorders,0.05189456790685654,-0.0777311772108078,1,-1,19300
Department of Public Health,-0.0039046991150826216,-0.026644499972462654,0,0,3493
Membership of the Opioid Settlement Advisory Committee,-0.016080807894468307,-0.018266728147864342,0,0,2680
General Government,0.02839314192533493,-0.027892904356122017,0,0,648145
Opioid and Tobacco Settlement Funds,0.006907371804118156,-0.0994298905134201,0,-1,28004
Delivery of Health Care and Mental Health Care Services,0.012175364419817924,-0.0961344912648201,0,-1,13383
Governors Budget Recommendations Opioid Litigation,0.042571865022182465,-0.08337012678384781,0,-1,25578
Opioids,0.03730175271630287,-0.13568800687789917,0,-1,15429
State Budget,0.07303266227245331,-0.03247992321848869,1,0,1395194
Telehealth Services,0.003005983540788293,-0.05672121420502663,0,-1,37357
Recovery Housing,0.05456259101629257,-0.05325602367520332,1,-1,13131
Behavioral Health Crisis Intervention Services,0.07942406088113785,-0.09973842650651932,1,-1,31053
Elimination of Certain Fees,0.01233610138297081,-0.030190592631697655,0,0,3477
Prescription Opioid Impact Fee and Court Settlements,0.04918747767806053,-0.06736288964748383,0,-1,21510
Multistate Professional Counselor Licensure Compact,0.011761615052819252,-0.0443221740424633,0,0,49295
Prescription Opioid Impact Fee and Court Settlements,0.04918747767806053,-0.06736288964748383,0,-1,21510
Behavioral Health Consortium Resolution,0.005352233536541462,-0.0687875971198082,0,-1,2412
Prescription Opioid Impact Fund,-0.010824674740433693,-0.07947003096342087,0,-1,15408
Alcohol Dependency Coverage,0.009381849318742752,-0.06213030591607094,0,-1,10342
Telemedicine Services,0.00656534219160676,-0.06232065334916115,0,-1,60263
Behavioral Health Consortium Resolution,0.005352233536541462,-0.0687875971198082,0,-1,2412
Prescription Opioid Impact Fund,-0.010824674740433693,-0.07947003096342087,0,-1,15408
Alcohol Dependency Coverage,0.009381849318742752,-0.06213030591607094,0,-1,10342
Opioid Crisis and Juvenile Crime Public Emergencies,0.03451157361268997,-0.0954241007566452,0,-1,4127
Fiscal Year 2025 Budget Support Emergency Act of 2024,0.010159441269934177,-0.03323458135128021,0,0,363459
Opioid Crisis and Juvenile Crime Public Emergencies,0.03451157361268997,-0.0954241007566452,0,-1,4127
Fiscal Year 2023 Budget Support,0.05230352655053139,-0.03875105082988739,1,0,262304
Appropriations,0.052225418388843536,-0.03812948614358902,1,0,1670841
Substance Abuse Treatment,0.006954364012926817,-0.052682504057884216,0,-1,45160
General Appropriations Act,0.03497374802827835,-0.06641170382499695,0,-1,1636501
Mental Health and Substance Abuse,0.006618276238441467,-0.04407646134495735,0,0,153471
Mental Health and Substance Use Disorders,0.08342709392309189,-0.09043074399232864,1,-1,19269
Professional Counselors Licensure Compact,0.037035830318927765,-0.06057300791144371,0,-1,63911
Statewide Medicaid Managed Care Program,0.04033133015036583,-0.06780561059713364,0,-1,46633
General Appropriations Act,0.05828689783811569,-0.036847520619630814,1,0,1589339
Trust Fund and Opioid Settlement,0.009147083386778831,-0.04027264192700386,0,0,3930
Appropriations,0.04390742629766464,-0.03177792578935623,0,0,1378867
General Appropriations Act,0.039778515696525574,-0.06854651123285294,0,-1,1348713
Appropriations,0.041826631873846054,-0.0650799423456192,0,-1,1248069
General Appropriations,0.026808910071849823,-0.03223563730716705,0,0,1141460
General Appropriations,0.026808910071849823,-0.03223563730716705,0,0,1141460
Mental Health Parity Act,0.032061733305454254,-0.05107791721820831,0,-1,134619
Petitions for Assisted Community Treatment,0.011412322521209717,-0.051212605088949203,0,-1,22967
Crisis Intervention and Diversion Services Program,0.01178489439189434,-0.07203485071659088,0,-1,16234
Community Based Recovery Centers,0.06712634116411209,-0.07011497020721436,1,-1,18100
Millennium Income Fund,0.027683524414896965,-0.06991118937730789,0,-1,12492
Appropriations to Health and Human Services,0.09164009243249893,-0.035177119076251984,1,0,28468
Department of Health and Welfare Appropriation,0.06159273535013199,-0.07770150154829025,1,-1,7657
State Insurance Code,0.0376397930085659,-0.06979942321777344,0,-1,189917
Substance Use Disorder Residential and Detox Rate,0.03132049739360809,-0.07334410399198532,0,-1,488100
9-8-8 Suicide and Crisis Lifeline Workgroup Act,0.035973697900772095,-0.08560878038406372,0,-1,57022
Cultural Empowerment Program,0.012828271836042404,-0.03829885274171829,0,0,2532
Insurance Code,0.023932721465826035,-0.09086957573890686,0,-1,86842
Insurance Code Substance Use Treatment,0.0021210727281868458,-0.017525309696793556,0,0,2137
Local Land Use,0.04662637785077095,-0.05650952085852623,0,-1,13658
Community Health Worker Certification and Reimbursement,-0.029493283480405807,-0.046080783009529114,0,0,289589
Prior Authorization Reform Act,0.02666628547012806,-0.08957239240407944,0,-1,34927
Health Care for Pregnant and Postpartum Individuals,0.05184010788798332,-0.03806808590888977,1,0,99936
Budget Implementation Act,0.02645433507859707,-0.09745702892541885,0,-1,1129356
Inpatient Hospitalization for Opioid-Related Overdose,0.03202155604958534,-0.07741619646549225,0,-1,250795
Drug Court Treatment Act,0.007106668781489134,-0.06576734036207199,0,-1,87144
Substance Use Disorder Act,0.023091290146112442,-0.10168173909187317,0,-1,63849
Generally Accepted Standards of Behavioral Health Care,0.029154406860470772,-0.08017227798700333,0,-1,90046
Medical Assistance,0.024506518617272377,-0.08159544318914413,0,-1,170538
Insurance Code,0.025326579809188843,-0.07516209036111832,0,-1,49675
Insurance Code Substance Use Treatment,0.0021210727281868458,-0.017525309696793556,0,0,2137
Community Health Worker Certification and Reimbursement,-0.029493283480405807,-0.046080783009529114,0,0,289589
Prior Authorization Reform Act,0.02666628547012806,-0.08957239240407944,0,-1,34927
Health Care for Pregnant and Postpartum Individuals,0.05184010788798332,-0.03806808590888977,1,0,99936
Inpatient Hospitalization for Opioid-Related Overdose,0.03202155604958534,-0.07741619646549225,0,-1,250795
Substance Use Disorder Act,0.023091290146112442,-0.10168173909187317,0,-1,63849
Generally Accepted Standards of Behavioral Health Care,0.029154406860470772,-0.08017227798700333,0,-1,90046
Pharmacy Practice Act,0.022126449272036552,-0.09815668314695358,0,-1,19301
Insurance Code,0.007768992334604263,-0.048503462225198746,0,0,22780
Pharmacy Practice Act,0.022126449272036552,-0.09815668314695358,0,-1,19301
Insurance Code,0.007768992334604263,-0.048503462225198746,0,0,22780
State Budget Allocation and Funding,0.010701191611588001,-0.07485143095254898,0,-1,688760
Mental Health Standards and Reporting,0.01168625894933939,-0.12208420783281326,0,-1,10407
Behavioral Health Matters,0.048706311732530594,-0.052988383919000626,0,-1,18961
Core Public Health Services,0.05615752935409546,-0.06433325260877609,1,-1,77336
Mental Health Programs,0.0892462357878685,-0.04790528863668442,1,0,46063
Telehealth Matters,0.06074950098991394,-0.052515871822834015,1,-1,12169
Committee Organization,0.03291003406047821,-0.08636203408241272,0,-1,64324
Mental Health and Addiction Forensic Treatments,0.026385923847556114,-0.07892976701259613,0,-1,8631
Comprehensive Addiction Recovery Centers,0.026173029094934464,-0.12877708673477173,0,-1,5961
Opioid Treatment Pilot Program,-0.0006839147536084056,-0.060133129358291626,0,-1,2533
Allen County Substance Abuse Pilot Program,0.016312824562191963,-0.11405438184738159,0,-1,4304
Inpatient Addiction Treatment,-0.0035326669458299875,-0.021040676161646843,0,0,1693
Opioid Settlement Fund,0.011887929402291775,-0.04143296182155609,0,0,13922
Federal Moneys Made Available From Federal Block Grants,0.042842041701078415,-0.04891667142510414,0,0,34693
Abatement of and Response to Opioid Use,0.041599493473768234,-0.035254333168268204,0,0,5491
Risk and Needs Assessment for Children in Need of Care,-0.004390088375657797,-0.042039696127176285,0,0,80090
Various State Agency Appropriations,0.031398676335811615,-0.06513616442680359,0,-1,864111
Chemical Dependency Treatment Transportation Services,0.03291010856628418,-0.0050629545003175735,0,0,38207
Recovery Residences,0.05047599971294403,-0.09273742884397507,1,-1,12774
Addiction Treatment,-0.001256759511306882,-0.04688599333167076,0,0,3179
Report to the Court of Truancy Cases,0.05560420826077461,-0.08409342169761658,1,-1,39189
Recovery Housing,0.03743680566549301,-0.0996398776769638,0,-1,12095
Legal Proceedings,0.04804370179772377,-0.05984383448958397,0,-1,51828
Board of Alcohol and Drug Counselors,0.03776058182120323,-0.07738516479730606,0,-1,87365
Opioid Abatement Advisory Commission,0.02842068299651146,-0.09682300686836243,0,-1,14266
Facility Need Review,-0.01030408963561058,-0.0012716425117105246,0,0,445
Vehicular Negligent Inuring,0.008774342015385628,-0.07103381305932999,0,-1,3319
Health Care,0.06862712651491165,-0.11457369476556778,1,-1,3300
Healthcare Services Delivered Through Telehealth,-0.012059830129146576,-0.008099270984530449,0,0,2031
Health and Behavioral,-0.0058752926997840405,-0.02252105064690113,0,0,3356
Sustainable Funding Source,0.06031940132379532,-0.2719140946865082,1,-1,5580
Substance Use Pilot Program for Incarcerated Population,0.03317565470933914,-0.1116914227604866,0,-1,3216
State Funding for County Corrections,0.025842837989330292,-0.05344865098595619,0,-1,28449
All Paths To Recovery for Persons Affected By Opioids,0.029456425458192825,-0.10518595576286316,0,-1,7641
Telehealth Behavioral Health Services,-0.001628729049116373,-0.025711065158247948,0,0,2197
Supplemental Appropriations,0.060141421854496,-0.048909977078437805,1,0,445120
Comprehensive Substance Use Disorder,-0.0054917712695896626,-0.00783025473356247,0,0,1802
Health Care Coverage,0.0529763288795948,-0.0712994709610939,1,-1,53552
Prior Authorizations,-0.015322070568799973,-0.1102994903922081,0,-1,5652
Accountability of Opioid Manufacturers,0.023066332563757896,-0.1587139368057251,0,-1,7927
Homeless Opioid Users Service,0.01100967638194561,-0.11912427097558975,0,-1,18220
Health Care Coverage,0.0529763288795948,-0.0712994709610939,1,-1,53552
Prior Authorizations,-0.015322070568799973,-0.1102994903922081,0,-1,5652
Homeless Opioid Users Service,0.01100967638194561,-0.11912427097558975,0,-1,18220
Opioid Restitution Fund Advisory Council,0.06416931003332138,-0.060886114835739136,1,-1,6097
Opioid Overdose Medication Assisted Treatment,-0.019233781844377518,-0.09794802218675613,0,-1,10930
Opioid Overdose and Opioid-Related Emergency,-0.019390670582652092,-0.09896523505449295,0,-1,10926
Fiscal Year Budget Bill,0.07926265150308609,-0.047215212136507034,1,0,662808
Recovery Residence Grant Program,0.09616360813379288,-0.12427487224340439,1,-1,4435
Accessible Comprehensive Behavioral Health Services,0.12015266716480255,-0.10158070176839828,1,-1,31452
Department of Health Overdose Report,0.03502240031957626,-0.07537788897752762,0,-1,5562
Budget Bill Fiscal Year 2023,0.09263449907302856,-0.05875570327043533,1,-1,661451
Public Health Medications to Treat Opioid Use Disorder,0.01760624535381794,-0.08328612148761749,0,-1,2287
Public Health Medications to Treat an Opioid Use,0.04779980704188347,-0.07333552837371826,0,-1,2330
Opioid Restitution Fund Advisory Council,0.08521692454814911,-0.081763856112957,1,-1,9466
Required Performance Data and Scorecard,0.02972002699971199,-0.07469888776540756,0,-1,15751
Opioid Restitution Fund,0.027940992265939713,-0.04132680967450142,0,0,4876
Mental Health Emergency Facilities,0.09764543920755386,-0.09404429793357849,1,-1,5098
Emergency Facilities List,0.09764543920755386,-0.09404429793357849,1,-1,5098
Permanent Improvements,0.08282960206270218,-0.029662521556019783,1,0,1399048
Family Treatment Court,0.0221725981682539,-0.0797971710562706,0,-1,28359
General Government Budget,0.04824337363243103,-0.04024379700422287,0,0,1500689
Opioid Advisory Commission,0.014592092484235764,-0.08828698843717575,0,-1,8130
General Government Appropriations,0.04232688248157501,-0.04734097793698311,0,0,1539468
Human Services Budget,0.025488832965493202,-0.061824679374694824,0,-1,445794
Corrections Budget,0.04397624731063843,-0.0644117072224617,0,-1,109558
Human Services Budget,0.025488832965493202,-0.061824679374694824,0,-1,445794
Corrections Budget,0.04397624731063843,-0.0644117072224617,0,-1,109558
Human Services,0.026919439435005188,-0.05914638936519623,0,-1,676208
Human Services,0.017562028020620346,-0.03682345151901245,0,0,766412
Capital Investment,0.015611829236149788,-0.020360056310892105,0,0,98181
Human Services,0.020758280530571938,-0.06574246287345886,0,-1,244530
Human Services,0.0003025569021701813,-0.051899220794439316,0,-1,5030
Human Services,-0.007562478072941303,-0.044409431517124176,0,0,520977
Health Care,-0.002788901561871171,-0.042720358818769455,0,0,1911639
Capital Investment,0.015611829236149788,-0.020360056310892105,0,0,98181
Human Services,0.020758280530571938,-0.06574246287345886,0,-1,244530
Human Services,0.0003025569021701813,-0.051899220794439316,0,-1,5030
Human Services,-0.007562478072941303,-0.044409431517124176,0,0,520977
Health Care,-0.002788901561871171,-0.042720358818769455,0,0,1911639
Public Health Infrastructure Funding,0.027242418378591537,-0.059616342186927795,0,-1,1138267
"Health Care, Human Services, and Licensing",0.0024816119112074375,-0.06370868533849716,0,-1,1209955
Long Term Care Consultation Services,-0.008692356757819653,-0.046053268015384674,0,0,1057243
Public Health Infrastructure Funding,0.027242418378591537,-0.059616342186927795,0,-1,1138267
"Health Care, Human Services, and Licensing",0.0024816119112074375,-0.06370868533849716,0,-1,1209955
Health and Human Services,0.018570341169834137,-0.06839023530483246,0,-1,1505585
Health Care,0.0490388423204422,-0.041674017906188965,0,0,505261
Human Services,0.02417796477675438,-0.061222560703754425,0,-1,8269
Opioid Addiction Advisory Council,0.015087603591382504,-0.04945909604430199,0,0,73666
Health and Human Services,0.018570341169834137,-0.06839023530483246,0,-1,1505585
Opioid Addiction Advisory Council,0.015087603591382504,-0.04945909604430199,0,0,73666
Opioid Settlement Fund Advisory Council,0.03142040967941284,-0.06707064807415009,0,-1,11647
Opioid Addiction Treatment,0.06259552389383316,-0.08157041668891907,1,-1,5400
Department Of Health and Senior Services Programs,-0.0002702251076698303,-0.08154455572366714,0,-1,176511
Appropriation Bill,0.03565243259072304,-0.06947305798530579,0,-1,32250
Appropriations Bill,0.004068512469530106,-0.061502449214458466,0,-1,91812
Appropriations Bill,-0.010020166635513306,-0.060681525617837906,0,-1,30980
HealthNet Benefits for Foster Care,-0.0031104173976927996,-0.06900473684072495,0,-1,270649
Recovery Residences,0.05751566216349602,-0.12549430131912231,1,-1,14299
Board of Behavioral Health,0.03443374112248421,-0.07281696796417236,0,-1,73497
Appropriation Supplement,0.04847995564341545,-0.09241686016321182,0,-1,34110
Appropriation Changes,0.02040816657245159,-0.014691882766783237,0,0,150378
Opioid Prevention and Treatment Act,0.003042580559849739,-0.058793265372514725,0,-1,4224
Substance Use Disorders,0.06562765687704086,-0.06341056525707245,1,-1,12778
Medicaid,0.059942882508039474,-0.07125955075025558,1,-1,14387
Substance Use Disorder Working Group,0.07095877081155777,-0.05570727959275246,1,-1,13624
Harm Reduction and Substance Misuse,0.022834906354546547,-0.08108605444431305,0,-1,23064
Opioid Abatement Advisory Commission,-0.01256726123392582,-0.06505125761032104,0,-1,6370
Prescribing Opioids Via Telehealth Medicine,-0.0003255978226661682,-0.07543934881687164,0,-1,4108
County Departments of Corrections,0.0182876568287611,-0.030055636540055275,0,0,5699
Duties of the Opioid Abatement Advisory Commission,-0.007464840076863766,-0.023452000692486763,0,0,1898
Prescribing Opioids Via Telehealth Medicine,-0.0003255978226661682,-0.07543934881687164,0,-1,4108
Omnibus Legislation on Health and Human Services,-0.009798585437238216,-0.017611727118492126,0,0,5377
Mental Health Counseling Compact,0.037191443145275116,-0.08769338577985764,0,-1,49460
Telemedicine Services,0.025352077558636665,-0.09273472428321838,0,-1,35656
Opioid Recovery and Remediation Fund,0.018049106001853943,-0.06360813975334167,0,-1,20765
Behavioral and Mental Health Care Providers,-0.018112454563379288,-0.06103742867708206,0,-1,3573
Appropriations Act,0.03435799852013588,-0.03484995663166046,0,0,291997
Coronavirus Health Insurance and Medicaid Coverage,-0.007310178130865097,-0.004496954381465912,0,0,2557
Appropriations Act,0.03435799852013588,-0.03484995663166046,0,0,291997
Health Insurance Mental Health Coverage,0.03888680413365364,-0.05101196467876434,0,-1,38608
County Detention Facility Treatment Programs,-0.008423781022429466,-0.015349418856203556,0,0,2591
State Operations Budget,0.03064252808690071,-0.07542397826910019,0,-1,1759618
Health and Mental Hygiene Budget,0.06068921834230423,-0.04801855608820915,1,0,630434
Health and Mental Hygiene Budget,-0.006797354202717543,-0.09294618666172028,0,-1,236662
State Operations Budget,0.03064252808690071,-0.07542397826910019,0,-1,1759618
Health and Mental Hygiene Budget,0.06068921834230423,-0.04801855608820915,1,0,630434
Medication Assisted Treatment for Inmates,0.053095873445272446,-0.05019696056842804,1,-1,10564
Medication Assisted Treatment for Substance Abuse,-0.010711155831813812,0.0013429844984784722,0,0,2650
Health and Mental Hygiene Budget,-0.022979076951742172,-0.05676758289337158,0,-1,154071
Funds Received By the State Relating to Opioids,0.04406994581222534,-0.1188100054860115,0,-1,25229
Office of Addiction Services,-0.009413176216185093,-0.10853804647922516,0,-1,13652
Opioid Settlement Fund,0.025671446695923805,-0.1063757985830307,0,-1,26059
Aid to Localities Budget,0.048326753079891205,-0.040068142116069794,0,0,2573561
Medicaid Substance Use Treatment,0.027684276923537254,-0.06351111084222794,0,-1,30385
Stop Addiction Fraud Ethics Act,0.010594913735985756,-0.03919650614261627,0,0,8829
Current Operations Appropriations Act of 2022,0.043023135513067245,-0.044403932988643646,0,0,597724
Base Budget Appropriations,0.10769696533679962,-0.06287464499473572,1,-1,2141052
University of North Carolina,0.06535665690898895,-0.07317721098661423,1,-1,168552
Medicaid Administration,0.012280848808586597,-0.06700503826141357,0,-1,34465
Medicaid Administration,0.012280848808586597,-0.06700503826141357,0,-1,34465
Defraying Expenses,0.004784454591572285,-0.04372888803482056,0,0,54406
Certified Community Behavioral Health Clinics,-0.008472403511404991,-0.058544356375932693,0,-1,86236
Prior Authorization for Health Insurance,0.018223507329821587,-0.0625835657119751,0,-1,20965
Opioid Settlement Fund,-0.01393253356218338,-0.061370402574539185,0,-1,11125
Attorney General Expenses,0.01597185991704464,-0.044992391020059586,0,0,19998
Childrens Emotional Treatment Services,-0.008484591729938984,-0.005126599688082933,0,0,2728
Telemedicine Practice,0.023141205310821533,-0.10140199959278107,0,-1,21582
Alcohol Drug Addiction and Mental Health Service,0.028131399303674698,-0.07979108393192291,0,-1,49477
Emergency Prescription Refills,0.010860876180231571,-0.08399905264377594,0,-1,8490
Biennium Operation Budget,0.023104961961507797,-0.03427765145897865,0,0,6261399
Health Insurance,0.002349249320104718,-0.06245342642068863,0,-1,17728
Controlled Dangerous Substances,0.0027175217401236296,-0.06581705808639526,0,-1,9957
Opioid Substitution Treatment Programs,0.0034414841793477535,-0.058329980820417404,0,-1,6092
Controlled Dangerous Substances,0.0027175217401236296,-0.06581705808639526,0,-1,9957
Opioid Substitution Treatment Programs,0.0034414841793477535,-0.058329980820417404,0,-1,6092
Telemedicine,0.04700798541307449,-0.078314870595932,0,-1,17655
Department of Mental Health and Substance Abuse Service,-0.0012212054571136832,-0.008918115869164467,0,0,5138
Department of Mental Health and Substance Abuse Funds,-0.002994487527757883,-0.009045335464179516,0,0,4968
Mental Health,0.0092002646997571,-0.0649210661649704,0,-1,36473
Telemedicine,0.04700798541307449,-0.078314870595932,0,-1,17655
Mental Health and Substance Abuse Services,0.01971682906150818,-0.06607053428888321,0,-1,14953
Mental Health and Substance Abuse Services,0.01971682906150818,-0.06607053428888321,0,-1,14953
Funding for Substance Use Services,0.047641873359680176,-0.0759868323802948,0,-1,35342
Oregon Health Authority,0.03286011517047882,-0.10820778459310532,0,-1,10250
Alcohol and Drug Policy Commission,0.06738775968551636,-0.08046985417604446,1,-1,19314
Chronic Illness Substance Treatment,0.046842604875564575,-0.06881511211395264,0,-1,30583
Department of Drug and Alcohol Programs,0.025867884978652,-0.08600594848394394,0,-1,25574
Insurance Company Law Amendments,0.006749508902430534,-0.08208239078521729,0,-1,176578
Opioid Abuse Task Force,0.051490139216184616,-0.0456373505294323,1,0,20038
Finances Of the State Government,0.033735405653715134,-0.09607992321252823,0,-1,155166
Commonwealth Budget,0.04441266134381294,-0.05930427834391594,0,-1,203591
Investment of Moneys,0.041401464492082596,-0.07944843173027039,0,-1,95605
Capital Budget,0.03512317314743996,-0.034834250807762146,0,0,494919
Investment of Moneys,0.041401464492082596,-0.07944843173027039,0,-1,95605
Comprehensive Discharge Planning,0.03490740805864334,-0.0698489174246788,0,-1,28552
Health and Safety Comprehensive Discharge Planning,0.03490740805864334,-0.0698489174246788,0,-1,28552
Revised Fiscal Year Appropriations,0.08083110302686691,-0.009524858556687832,1,0,81921
Comprehensive Discharge Planning,0.03490740805864334,-0.0698489174246788,0,-1,28552
Health and Safety Comprehensive Discharge Planning,0.03490740805864334,-0.0698489174246788,0,-1,28552
Social Worker Regulation Exemption,0.015443523414433002,-0.13742366433143616,0,-1,8815
Opioid Abatement Council,-0.007542992476373911,-0.005266804248094559,0,0,492
Hospitals and Health Care Facilities,0.009429745376110077,-0.03609098866581917,0,0,50182
Opioid Abatement Council,-0.007542992476373911,-0.005266804248094559,0,0,492
Hospitals and Health Care Facilities,0.009429745376110077,-0.03609098866581917,0,0,50182
Drug and Alcohol Rehabilitation,0.10039152950048447,-0.0660259798169136,1,-1,22228
Opioid Crisis,0.02500980906188488,-0.084716796875,0,-1,25706
Controlled Substances,0.00017213448882102966,-0.014841647818684578,0,0,1182
Department of Mental Health Substance Abuse Services,-0.00149352359585464,-0.009108083322644234,0,0,947
Drug and Alcohol Rehabilitation,0.10039152950048447,-0.0660259798169136,1,-1,22228
Opioid Crisis,0.02500980906188488,-0.084716796875,0,-1,25706
Insurance Prior Authorization Requirements,0.016288645565509796,-0.0663471668958664,0,-1,5581
Recognition Memorials,-0.005998159758746624,-0.03114643692970276,0,0,2610
Insurance Prior Authorization Requirements,0.016288645565509796,-0.0663471668958664,0,-1,5581
Recognition Memorials,-0.005998159758746624,-0.03114643692970276,0,0,2610
Improving Health Outcomes,-0.009546452201902866,-0.05182187631726265,0,-1,11186
Creation of the Opioid Abatement Account,0.03342335671186447,-0.07869575172662735,0,-1,14943
Medication Assisted Treatment Amendments,0.06452922523021698,-0.049531638622283936,1,0,22854
Substance Use Disorder Screenings,0.013765117153525352,-0.13191379606723785,0,-1,11952
Substance Use Treatment and Enforcement Amendments,0.011906716972589493,-0.08483012765645981,0,-1,86810
Pharmacy Practices,0.06090584397315979,-0.0675959661602974,1,-1,42780
Behavioral Health Crisis Response Commission,0.017359327524900436,-0.10065125674009323,0,-1,38108
Inmate Treatment,0.023031314834952354,-0.11704615503549576,0,-1,5913
Conviction Reduction Amendments,0.04379115253686905,-0.0909789651632309,0,-1,11973
Pharmaceutical Amendments,-0.003339907852932811,-0.03410588949918747,0,0,2289
Employment Screening Requirements,0.041003622114658356,-0.11157002300024033,0,-1,52871
Current Fiscal Year Supplemental Appropriations,0.006422241218388081,-0.05207442119717598,0,-1,97181
Behavioral Health Services,0.07943490147590637,-0.06484613567590714,1,-1,13496
Pharmacy Practice,0.015552607364952564,-0.08873941004276276,0,-1,52081
Substance Abuse Disorder Health Program,0.039043836295604706,-0.08534540981054306,0,-1,29609
Opioid Litigation Settlement Restricted Account,0.02493138611316681,-0.151223823428154,0,-1,5538
Assisted Outpatient Treatment for Mental Illness,0.049226269125938416,-0.08608845621347427,0,-1,58622
Private Counselors,0.037932541221380234,-0.08832092583179474,0,-1,17122
Health Insurance Statutes,0.07108308374881744,-0.06451737880706787,1,-1,241722
"Unused Prescription Drug, Needle, and Syringe Disposal",0.04586014151573181,-0.07026580721139908,0,-1,28373
Extends Covid 19 Health Care Regulatory Flexibility,8.451566100120544e-05,-0.11961894482374191,0,-1,17240
"Unused Prescription Drug, Needle, and Syringe Disposal",0.04586014151573181,-0.07026580721139908,0,-1,28373
Extends Covid 19 Health Care Regulatory Flexibility,8.451566100120544e-05,-0.11961894482374191,0,-1,17240
Health Care Flexibility After COVID 19,0.037421539425849915,-0.07190040498971939,0,-1,32169
Buprenorphine Dosages,0.02347089909017086,-0.06782670319080353,0,-1,3287
COVID 19 Health Care,0.0540320910513401,-0.04395653307437897,1,0,25682
Opioid Settlement,0.036645546555519104,-0.11163397878408432,0,-1,16386
Health Care Flexibility After COVID 19,0.037421539425849915,-0.07190040498971939,0,-1,32169
Budget Bill,0.05433361604809761,-0.046707093715667725,1,0,1816166
Certified Recovery Residences,0.034505702555179596,-0.0628185048699379,0,-1,8471
Providers of Treatment of Opiate Addiction,-0.010201554745435715,-0.10510418564081192,0,-1,5325
Health Insurance,0.041086409240961075,-0.08655142039060593,0,-1,11900
Health Insurance Information Disclosure,0.041086409240961075,-0.08655142039060593,0,-1,11900
Statewide Telehealth Plan,0.001110378187149763,-0.06909212470054626,0,-1,5648
Telemedicine,-0.002122026402503252,-0.07057831436395645,0,-1,25792
Medicaid Participants,-0.006822133902460337,-0.011826954782009125,0,0,2218
Certified Recovery Residences,0.034505702555179596,-0.0628185048699379,0,-1,8471
Providers of Treatment for Opioid Addiction,-0.010201554745435715,-0.10510418564081192,0,-1,5325
Peer Recovery Specialists,0.01736418344080448,-0.07239318639039993,0,-1,35600
Commonwealth Opioid Abatement and Remediation Fund,0.002946260152384639,-0.0368163026869297,0,0,2339
Substance Use Disorder Treatment and Transition Fund,0.009810512885451317,-0.047755636274814606,0,0,2507
Background Checks for Peer Recovery Specialists,0.01736418344080448,-0.07239318639039993,0,-1,35600
Budget Bill,0.05433361604809761,-0.046707093715667725,1,0,1816166
Providers of Treatment of Opiate Addiction,-0.010201554745435715,-0.10510418564081192,0,-1,5325
Health Insurance,0.041086409240961075,-0.08655142039060593,0,-1,11900
Health Insurance Information Disclosure,0.041086409240961075,-0.08655142039060593,0,-1,11900
Statewide Telehealth Plan,0.001110378187149763,-0.06909212470054626,0,-1,5648
Telemedicine,-0.002122026402503252,-0.07057831436395645,0,-1,25792
Medicaid Participants,-0.006822133902460337,-0.011826954782009125,0,0,2218
Providers of Treatment for Opioid Addiction,-0.010201554745435715,-0.10510418564081192,0,-1,5325
Budget Bill,0.03831515461206436,-0.04405904561281204,0,0,1514508
Health Insurance,0.038229744881391525,-0.12150638550519943,0,-1,7927
Telemedicine Services,0.0012934759724885225,-0.062396857887506485,0,-1,46922
Opioid Abatement Authority,0.017364980652928352,-0.0963454321026802,0,-1,24436
Telemedicine,0.0012934759724885225,-0.062396857887506485,0,-1,46922
Health Insurance,0.038229744881391525,-0.12150638550519943,0,-1,7927
Pharmacists Initiation of Treatment,0.013489563949406147,-0.1027204617857933,0,-1,11635
State Board of Health,-0.014135477133095264,-0.03824016824364662,0,0,24757
Opioid Abatement Authority,0.017364980652928352,-0.0963454321026802,0,-1,24436
Budget Bill,0.03831515461206436,-0.04405904561281204,0,0,1514508
Budget Bill,0.055624354630708694,-0.0428699366748333,1,0,1151056
Treatment of Opioid Addiction,0.03915224224328995,-0.09167737513780594,0,-1,5108
Treatment of Opioid Addiction,0.03861074149608612,-0.09156088531017303,0,-1,5081
Budget Bill,0.055624354630708694,-0.0428699366748333,1,0,1151056
Medicaid Access Program,0.04951104149222374,-0.06398606300354004,0,-1,37188
Certified Peer Support Specialists,0.03519367426633835,-0.04898872226476669,0,0,121579
Fiscal Biennium Operating Appropriations,0.021630946546792984,-0.06473423540592194,0,-1,3052412
Reentry Services and Supports,0.008108184672892094,-0.0568423867225647,0,-1,10778
Fiscal Biennium Operating Appropriations,0.0157021451741457,-0.04772438481450081,0,0,3151403
Behavioral Health Disorders,-0.008064202964305878,-0.03971526771783829,0,0,3655
Substance Use Disorder Treatment,0.018106965348124504,-0.06537369638681412,0,-1,6537
Legend Drug Possession and Treatment,-0.01865077205002308,-0.0648137629032135,0,-1,105889
Profession of Certified Peer Specialists,0.03204123675823212,-0.0548587441444397,0,-1,58125
Reentry Services and Supports,0.008108184672892094,-0.0568423867225647,0,-1,10778
Fiscal Biennium Operating Appropriations,0.0157021451741457,-0.04772438481450081,0,0,3151403
Behavioral Health Disorders,-0.008064202964305878,-0.03971526771783829,0,0,3655
Substance Use Disorder Treatment,0.018106965348124504,-0.06537369638681412,0,-1,6537
Legend Drug Possession and Treatment,-0.01865077205002308,-0.0648137629032135,0,-1,105889
Profession of Certified Peer Specialists,0.03204123675823212,-0.0548587441444397,0,-1,58125
Opioid Use Disorder Treatment,0.019498085603117943,-0.04580534249544144,0,0,110771
Fiscal Biennium Supplemental Operating Appropriations,0.05523945018649101,-0.03421914204955101,1,0,1227728
Indian Behavioral Health System,-0.00423081312328577,-0.042413342744112015,0,0,116750
Opioid Use Disorder Treatment,0.019498085603117943,-0.04580534249544144,0,0,110771
Department of Health and Human Resources Reorganizing,0.051699575036764145,-0.0941692441701889,1,-1,93218
Health and Human Resources Legislative Rules,0.03592353314161301,-0.05578715726733208,0,-1,9834
Organizational Structure of Drug Control Policy Office,0.04591808840632439,-0.09140629321336746,0,-1,15128
Referral Program for Substance Abuse Treatment,-0.0005292184068821371,-0.021262479946017265,0,0,1947
Collection and Exchange of Overdose Data,-0.0028092488646507263,-0.02819991670548916,0,0,4992
Adult Drug Court Participation Fund,0.05137030780315399,-0.06845474243164062,1,-1,5414
Health Care Providers,0.04214861989021301,-0.08937650918960571,0,-1,9458
Driver Safety Plans and Medication Assisted Treatments,-0.006652610842138529,0.00947945099323988,0,0,1446
Plan of Safe Care Newborns,-0.00945422612130642,-0.032928407192230225,0,0,3390
Peer Support Counseling Confidentiality,-0.017357762902975082,-0.03431480750441551,0,0,5406
Mental Health Care Access Collaborative Care Model,0.022803092375397682,-0.03165049105882645,0,0,2661
